Rank,URL,LinkingRootDomains,ExternalLinks,mozRank,mozTrust,Technologie
1,facebook.com/,15244372,5410611719,9.79,9.46,vide
2,twitter.com/,10423928,7957076252,9.62,9.39,vide
3,google.com/,8820614,3586870758,9.51,9.34,vide
4,youtube.com/,5680524,2113109480,9.33,9.18,vide
5,instagram.com/,4003906,2007019279,9.22,8.98,vide
6,linkedin.com/,3816882,1079449486,9.18,9.04,vide
7,wordpress.org/,3747817,323363772,9.14,8.81,vide
8,pinterest.com/,2431804,1008936650,8.89,8.68,vide
9,wikipedia.org/,2121768,266454144,8.80,8.66,vide
10,wordpress.com/,1738096,340049712,8.70,8.63,vide
11,blogspot.com/,1561480,835661438,8.52,8.45,vide
12,apple.com/,1383176,374475285,9.13,9.06,vide
13,adobe.com/,1318721,100901352,8.96,9.07,vide
14,tumblr.com/,1188534,1102781375,8.52,8.37,vide
15,youtu.be/,1153922,86828213,8.62,8.59,vide
16,amazon.com/,1115717,277826388,8.55,8.54,vide
17,goo.gl/,1090989,227896228,8.67,8.51,vide
18,vimeo.com/,1017763,97225521,8.59,8.51,vide
19,microsoft.com/,865018,181483118,8.88,8.73,vide
20,flickr.com/,861779,366345010,8.44,8.50,vide
21,yahoo.com/,828470,130380721,8.40,8.41,vide
22,bit.ly/,734923,170725280,8.50,8.46,vide
23,qq.com/,677195,212194257,8.38,7.56,vide
24,godaddy.com/,666606,7524939,8.65,8.07,vide
25,vk.com/,631890,198792027,8.24,7.68,vide
26,reddit.com/,579021,125868665,8.04,7.98,vide
27,buydomains.com/,502376,591525,8.57,7.69,vide
28,w3.org/,480313,251086548,8.32,8.79,vide
29,nytimes.com/,478333,43569120,8.16,8.85,vide
30,t.co/,462279,950144627,8.24,8.23,vide
31,europa.eu/,440471,77374662,8.40,8.87,vide
32,baidu.com/,427641,257015139,8.25,7.40,vide
33,statcounter.com/,406991,109102538,8.30,8.07,vide
34,wp.com/,405428,116570866,8.01,7.78,vide
35,weebly.com/,404194,14311666,8.06,8.05,vide
36,jimdo.com/,398863,15320910,7.84,7.46,vide
37,blogger.com/,391461,980371533,7.88,7.67,vide
38,github.com/,386670,98048242,8.51,8.47,vide
39,bbc.co.uk/,385364,103607196,8.01,8.80,vide
40,soundcloud.com/,384407,53364665,8.05,7.98,vide
41,mozilla.org/,382094,31783857,8.29,8.82,vide
42,myspace.com/,370150,56868622,7.75,7.69,vide
43,yandex.ru/,358767,137907763,7.78,7.12,vide
44,google.de/,357557,20043503,8.19,7.61,vide
45,miitbeian.gov.cn/,353721,63080392,8.12,7.27,vide
46,gravatar.com/,348579,25613834,7.98,7.82,vide
47,theguardian.com/,325301,29952650,8.02,8.54,vide
48,nih.gov/,321754,163577167,8.05,8.85,vide
49,cnn.com/,319075,49414510,7.93,8.80,vide
50,google.co.jp/,318883,32339402,8.31,7.72,vide
51,addthis.com/,318194,152618498,8.21,8.20,vide
52,paypal.com/,305856,33623956,8.22,8.06,vide
53,huffingtonpost.com/,302052,46545300,7.92,8.07,vide
54,stumbleupon.com/,301931,88401722,7.65,7.61,vide
55,creativecommons.org/,298868,155743170,8.14,8.85,vide
56,wix.com/,298133,7523864,7.97,7.83,vide
57,imdb.com/,297351,33510665,7.83,7.84,vide
58,digg.com/,296713,83582514,7.65,7.68,vide
59,issuu.com/,293976,60277879,8.00,8.03,vide
60,yelp.com/,289816,13649920,7.91,7.80,vide
61,wixsite.com/,283714,11271383,7.72,7.65,vide
62,feedburner.com/,283390,215984430,7.89,7.90,vide
63,addtoany.com/,281826,361674531,7.95,7.82,vide
64,dropbox.com/,271963,9922806,8.04,8.05,vide
65,forbes.com/,267451,10533427,7.99,8.08,vide
66,amazonaws.com/,265997,121779353,8.19,8.25,vide
67,bluehost.com/,265098,26109950,7.35,7.13,vide
68,google.co.uk/,259757,14103092,8.08,7.90,vide
69,washingtonpost.com/,244950,22114052,7.86,8.80,vide
70,etsy.com/,241609,15750328,7.71,7.55,vide
71,go.com/,241336,30121696,7.89,8.79,vide
72,parallels.com/,237985,4847668,8.34,7.86,vide
73,wsj.com/,236691,18702421,7.93,8.09,vide
74,msn.com/,235992,25846570,7.72,7.87,vide
75,slideshare.net/,229346,20592451,7.94,7.97,vide
76,miibeian.gov.cn/,226505,59468893,8.16,7.52,vide
77,doubleclick.net/,224190,161392648,7.33,7.40,vide
78,archive.org/,223674,23854491,7.92,8.05,vide
79,eventbrite.com/,219668,21875901,7.96,8.23,vide
80,ameblo.jp/,215798,51510835,7.99,7.36,vide
81,e-recht24.de/,211470,653482,7.80,7.01,vide
82,telegraph.co.uk/,211178,8314290,7.74,7.78,vide
83,sourceforge.net/,210819,43297640,7.98,8.25,vide
84,fc2.com/,209769,216066382,7.78,7.29,vide
85,ebay.com/,207614,114716652,7.79,7.65,vide
86,amazon.co.uk/,207353,28453091,7.78,7.73,vide
87,livejournal.com/,203039,57429270,7.37,7.35,vide
88,free.fr/,201668,13206555,7.55,7.51,vide
89,mail.ru/,201488,82280453,7.74,7.07,vide
90,dailymail.co.uk/,198798,10223298,7.66,7.71,vide
91,amzn.to/,197953,42449085,7.72,7.60,vide
92,reuters.com/,196576,77036447,7.76,7.91,vide
93,bloomberg.com/,192864,47251476,7.79,8.78,vide
94,weibo.com/,191759,86949020,8.01,7.72,vide
95,wikimedia.org/,190252,10652841,7.66,7.87,vide
96,typepad.com/,188720,53682173,7.59,7.79,vide
97,yahoo.co.jp/,188680,75964830,7.93,7.46,vide
98,usatoday.com/,180971,10455853,7.78,8.02,vide
99,amazon.de/,180920,52699270,7.73,7.38,vide
100,cpanel.net/,180828,528871,8.24,8.18,vide
101,bing.com/,179729,28399929,7.93,7.83,vide
102,about.com/,179408,2826889,7.53,7.76,vide
103,eepurl.com/,178393,30513852,7.92,8.00,vide
104,51.la/,178204,48877050,8.26,7.69,vide
105,time.com/,176219,5470729,7.71,7.87,vide
106,hatena.ne.jp/,173765,132435294,7.83,7.43,vide
107,aol.com/,173340,21808205,7.69,8.77,vide
108,www.gov.uk/,172840,10480190,7.98,8.32,vide
109,macromedia.com/,172741,7904907,8.09,8.10,vide
110,elegantthemes.com/,171687,8944399,7.85,7.61,vide
111,cdc.gov/,169713,5604403,7.81,8.31,vide
112,medium.com/,169578,14512686,8.02,7.96,vide
113,google.it/,169202,8388175,7.74,7.30,vide
114,taobao.com/,167566,56236819,7.62,7.05,vide
115,cpanel.com/,166997,695437,8.17,8.14,vide
116,npr.org/,166547,16117912,7.67,7.94,vide
117,harvard.edu/,166322,16322917,7.76,8.79,vide
118,xing.com/,165319,31083744,7.90,7.47,vide
119,latimes.com/,164161,9340939,7.65,8.77,vide
120,tripadvisor.com/,163955,15686439,7.87,7.87,vide
121,webs.com/,163954,11849579,7.38,7.50,vide
122,constantcontact.com/,163913,26896126,8.00,8.24,vide
123,blogspot.co.uk/,161535,13393344,7.54,7.52,vide
124,list-manage.com/,161334,16856245,7.80,7.93,vide
125,opera.com/,161055,10357208,7.98,7.76,vide
126,live.com/,160214,30962219,7.73,7.72,vide
127,bbb.org/,159163,31623951,7.96,7.97,vide
128,amazon.co.jp/,157719,162837431,7.83,7.37,vide
129,apache.org/,157469,36739497,8.11,8.80,vide
130,icio.us/,156443,51811896,7.42,7.51,vide
131,bbc.com/,155636,15124137,7.89,7.83,vide
132,bandcamp.com/,155634,14076386,7.64,7.49,vide
133,dailymotion.com/,154942,17458982,7.56,7.52,vide
134,businessinsider.com/,154403,6726903,7.77,7.90,vide
135,mit.edu/,150417,66842528,7.73,8.78,vide
136,vkontakte.ru/,150326,22819871,7.85,7.47,vide
137,behance.net/,149926,9524241,7.67,7.39,vide
138,github.io/,146926,12827364,8.04,8.13,vide
139,google.es/,145596,11981768,7.71,7.37,vide
140,disqus.com/,144711,89221937,7.84,7.86,vide
141,wired.com/,144675,5894472,7.71,8.77,vide
142,gnu.org/,144589,32721097,7.89,8.79,vide
143,spotify.com/,143992,36050619,7.76,7.58,vide
144,surveymonkey.com/,143326,11903036,7.97,8.23,vide
145,stanford.edu/,143068,5837746,7.77,8.79,vide
146,kickstarter.com/,142861,5695598,7.57,7.55,vide
147,guardian.co.uk/,142396,6976650,7.49,8.76,vide
148,google.fr/,141732,11966772,7.82,7.54,vide
149,nasa.gov/,140607,11618915,7.63,8.78,vide
150,googleusercontent.com/,140370,20746255,7.51,7.46,vide
151,joomla.org/,140140,23894969,7.79,7.49,vide
152,imgur.com/,139974,28087234,7.50,7.47,vide
153,rambler.ru/,139668,72582455,7.59,6.93,vide
154,goodreads.com/,138668,32890185,7.41,7.55,vide
155,independent.co.uk/,138636,5641072,7.58,7.66,vide
156,ted.com/,138006,2946810,7.59,7.69,vide
157,beian.gov.cn/,136297,37712766,7.77,7.18,vide
158,1und1.de/,135677,2500956,7.62,6.62,vide
159,photobucket.com/,135121,19942273,7.32,7.29,vide
160,cnet.com/,134814,11128726,7.74,7.81,vide
161,google.ca/,134359,10517842,7.73,7.67,vide
162,line.me/,133872,41618350,7.89,7.38,vide
163,namejet.com/,133856,1973093,7.99,7.63,vide
164,delicious.com/,132988,30715189,7.31,7.41,vide
165,scribd.com/,132530,9523509,7.47,7.70,vide
166,rakuten.co.jp/,132082,61803467,7.75,7.23,vide
167,deviantart.com/,130536,8925484,7.39,7.27,vide
168,homestead.com/,129539,2766526,7.75,7.64,vide
169,themeforest.net/,129250,13582511,7.70,7.35,vide
170,sina.com.cn/,127492,21851434,7.55,7.19,vide
171,ca.gov/,126159,8820229,7.73,8.80,vide
172,one.com/,125095,1181977,7.57,6.40,vide
173,shopify.com/,122544,18794213,7.93,7.79,vide
174,domainname.de/,121362,458662,7.95,6.59,vide
175,wiley.com/,120448,8968823,7.71,8.02,vide
176,who.int/,120009,10470148,7.76,8.79,vide
177,domainactive.co/,119549,337422,7.98,7.28,vide
178,un.org/,119303,17162543,7.73,8.80,vide
179,buzzfeed.com/,119188,2597770,7.55,7.56,vide
180,nationalgeographic.com/,117711,3504105,7.48,8.76,vide
181,pbs.org/,117580,4783614,7.50,8.77,vide
182,theatlantic.com/,117475,4917704,7.60,7.78,vide
183,barnesandnoble.com/,116600,8328188,7.57,8.76,vide
184,cbsnews.com/,115031,9201847,7.50,7.82,vide
185,webmd.com/,114813,2883453,7.41,7.57,vide
186,foxnews.com/,114531,16162529,7.44,7.74,vide
187,plesk.com/,114305,1626079,7.71,7.33,vide
188,blogspot.com.es/,113806,22368242,7.32,7.09,vide
189,nature.com/,113541,5365495,7.54,7.88,vide
190,domainretailing.com/,113352,3046592,8.05,7.57,vide
191,techcrunch.com/,113230,6582104,7.73,7.77,vide
192,sakura.ne.jp/,111909,18032618,7.59,7.23,vide
193,cloudfront.net/,111545,59796267,7.92,8.09,vide
194,whatsapp.com/,111229,19301641,7.60,7.20,vide
195,php.net/,110964,52510154,7.73,8.75,vide
196,berkeley.edu/,109941,5155205,7.58,8.77,vide
197,booking.com/,109548,26397699,7.68,7.43,vide
198,ibm.com/,109466,22625394,7.76,8.78,vide
199,sciencedirect.com/,108783,7586380,7.62,7.95,vide
200,nbcnews.com/,108365,9631851,7.48,7.70,vide
201,networksolutions.com/,107847,3975335,7.50,7.54,vide
202,mashable.com/,107824,8598700,7.68,7.66,vide
203,jiathis.com/,107075,12683856,7.58,6.93,vide
204,cornell.edu/,105205,7063708,7.57,8.79,vide
205,skype.com/,103888,7939322,7.55,7.45,vide
206,usda.gov/,103575,6031334,7.61,8.81,vide
207,whitehouse.gov/,103228,5889605,7.68,8.83,vide
208,wp.me/,102929,12075194,7.45,7.40,vide
209,squarespace.com/,102784,3677766,7.65,7.77,vide
210,trustpilot.com/,102691,10938348,7.47,7.10,vide
211,change.org/,101460,2079052,7.39,7.47,vide
212,springer.com/,101135,11277531,7.76,8.04,vide
213,a8.net/,100145,27269183,7.51,7.13,vide
214,cbc.ca/,100124,11754254,7.40,7.60,vide
215,ft.com/,100054,6686830,7.62,8.75,vide
216,secureserver.net/,99438,4355587,7.87,7.43,vide
217,meetup.com/,99253,7895890,7.56,7.72,vide
218,epa.gov/,98538,3016219,7.59,8.80,vide
219,noaa.gov/,98413,27640046,7.55,8.79,vide
220,myshopify.com/,97981,11420879,7.81,7.74,vide
221,naver.com/,97740,41149544,7.71,7.26,vide
222,wikia.com/,96751,4906310,7.36,7.43,vide
223,nps.gov/,96362,2746209,7.43,7.95,vide
224,cnbc.com/,95403,5439753,7.62,7.81,vide
225,usnews.com/,95171,4011390,7.46,7.75,vide
226,phoca.cz/,95107,2654284,7.51,7.23,vide
227,ow.ly/,94904,11536192,7.39,7.62,vide
228,google.nl/,94170,3846895,7.68,7.28,vide
229,mapquest.com/,93113,6347213,7.52,7.73,vide
230,enable-javascript.com/,92370,19448582,7.79,7.81,vide
231,uol.com.br/,90701,20261158,7.34,7.25,vide
232,foursquare.com/,90607,13826366,7.41,7.66,vide
233,phpbb.com/,90367,91447103,7.53,7.29,vide
234,loc.gov/,90149,15345761,7.57,8.79,vide
235,economist.com/,90098,4104996,7.46,8.76,vide
236,163.com/,89657,13319170,7.37,6.91,vide
237,google.com.br/,89457,5341994,7.50,7.08,vide
238,hostnet.nl/,88931,3577734,7.84,6.20,vide
239,fda.gov/,88370,3099967,7.61,7.95,vide
240,irs.gov/,86830,2702339,7.62,8.10,vide
241,chicagotribune.com/,86565,5267161,7.41,7.74,vide
242,wufoo.com/,86258,6696498,7.74,7.85,vide
243,sfgate.com/,85820,2967582,7.34,7.60,vide
244,4.cn/,84904,479308,7.52,6.63,vide
245,newyorker.com/,84808,3422107,7.47,7.62,vide
246,bigcartel.com/,84791,5936638,7.53,7.31,vide
247,hp.com/,84662,15294500,7.48,7.70,vide
248,prnewswire.com/,84650,7992930,7.59,7.83,vide
249,abc.net.au/,84225,7731091,7.32,7.51,vide
250,telegram.me/,84048,37988093,7.48,6.99,vide
251,bizjournals.com/,83988,3067005,7.52,7.79,vide
252,slate.com/,83772,3807658,7.39,7.61,vide
253,gizmodo.com/,83716,4893683,7.31,7.46,vide
254,geocities.jp/,82979,6781473,7.34,7.05,vide
255,cbslocal.com/,82569,6910555,7.43,7.74,vide
256,list-manage1.com/,82308,5000017,7.44,7.90,vide
257,dribbble.com/,82178,5869663,7.56,7.26,vide
258,ed.gov/,82039,51708234,7.63,8.80,vide
259,doi.org/,81856,86984594,7.67,8.01,vide
260,marriott.com/,81652,18320919,7.63,7.89,vide
261,vice.com/,81360,2802977,7.38,7.46,vide
262,engadget.com/,81252,10619365,7.38,7.43,vide
263,livedoor.jp/,81167,91323980,7.39,6.96,vide
264,fb.com/,80500,5547076,9.37,8.94,vide
265,umblr.com/,79919,101382381,7.87,7.66,vide
266,about.me/,79866,3072093,7.30,7.27,vide
267,domraider.io/,79646,1969883,7.44,7.23,vide
268,themegrill.com/,78993,8946080,7.42,7.15,vide
269,houzz.com/,78560,17645131,7.44,7.25,vide
270,state.gov/,78527,2589079,7.52,8.81,vide
271,clickbank.net/,78121,11658928,7.38,6.95,vide
272,storify.com/,77813,5500960,7.38,7.72,vide
273,umich.edu/,77783,5930771,7.44,8.77,vide
274,nifty.com/,77617,7588448,7.34,7.12,vide
275,google.com.au/,77491,3810018,7.56,7.41,vide
276,globo.com/,77438,10151580,7.41,7.27,vide
277,unesco.org/,77393,8648418,7.49,7.83,vide
278,ok.ru/,77317,35288205,7.51,6.90,vide
279,fortune.com/,76765,1643354,7.62,7.70,vide
280,google.pl/,75872,3393240,7.48,6.91,vide
281,house.gov/,75815,11360815,7.48,8.80,vide
282,histats.com/,74735,20499375,7.47,6.99,vide
283,theverge.com/,74386,2692160,7.44,7.49,vide
284,columbia.edu/,74006,2990108,7.49,8.77,vide
285,rs6.net/,73369,5763868,7.38,7.73,vide
286,aboutcookies.org/,73341,2477254,7.68,8.04,vide
287,ocn.ne.jp/,73228,3997974,7.37,7.02,vide
288,yale.edu/,72989,3117180,7.46,8.76,vide
289,linksynergy.com/,72855,37541086,7.33,7.16,vide
290,wunderground.com/,72427,9341188,7.33,7.58,vide
291,gofundme.com/,72281,1466385,7.33,7.45,vide
292,1and1.com/,72104,953537,7.38,7.02,vide
293,debian.org/,71818,6294603,7.79,8.77,vide
294,hilton.com/,71719,7086720,7.53,7.84,vide
295,washington.edu/,71684,4263440,7.50,8.77,vide
296,upenn.edu/,71352,4531094,7.39,8.76,vide
297,goo.ne.jp/,71232,18933585,7.32,6.96,vide
298,samsung.com/,71012,5478086,7.51,7.53,vide
299,psychologytoday.com/,71007,913818,7.35,7.40,vide
300,loopia.se/,70858,371706,7.35,6.57,vide
301,loopia.com/,70736,1941629,7.35,6.58,vide
302,mijndomein.nl/,70649,880864,7.74,6.10,vide
303,indiatimes.com/,70585,123033373,7.63,8.76,vide
304,oracle.com/,70381,14224383,7.74,8.77,vide
305,visma.com/,70285,640856,7.34,6.63,vide
306,fb.me/,70270,10547845,7.77,7.57,vide
307,wikihow.com/,70224,1084164,7.68,7.52,vide
308,businessweek.com/,69835,1442060,7.31,7.57,vide
309,t.me/,69427,23936403,7.66,7.15,vide
310,fastcompany.com/,69252,1480187,7.56,7.65,vide
311,1and1.fr/,68645,618814,7.51,6.44,vide
312,android.com/,68484,9091608,8.72,8.28,vide
313,ustream.tv/,68432,4176294,7.36,7.58,vide
314,home.pl/,68430,3091906,7.61,6.66,vide
315,fbcdn.net/,68366,41712803,7.34,7.18,vide
316,senate.gov/,68146,9581877,7.50,8.78,vide
317,mailchimp.com/,67736,2849295,7.89,7.87,vide
318,dreamhost.com/,67650,1883950,7.83,7.63,vide
319,zdnet.com/,67575,9453322,7.44,7.57,vide
320,athemes.com/,67172,4585756,7.46,7.10,vide
321,sagepub.com/,66522,3211046,7.54,7.77,vide
322,scientificamerican.com/,66513,1385179,7.37,8.75,vide
323,studiopress.com/,66262,15732683,7.32,7.19,vide
324,businesswire.com/,65575,11201475,7.58,7.79,vide
325,youronlinechoices.com/,65510,5045698,7.65,7.44,vide
326,researchgate.net/,65346,2829405,7.44,7.68,vide
327,tucowsdomains.com/,65245,683414,7.89,7.70,vide
328,entrepreneur.com/,65172,2093790,7.40,7.46,vide
329,umn.edu/,65055,3029715,7.41,7.82,vide
330,ucla.edu/,64911,3129171,7.34,8.76,vide
331,ftc.gov/,64598,1640361,7.77,8.80,vide
332,psu.edu/,64148,4368402,7.44,8.77,vide
333,wisc.edu/,64109,18968226,7.32,8.76,vide
334,hbr.org/,64037,1560825,7.48,7.60,vide
335,inc.com/,63965,1829260,7.44,7.58,vide
336,sedo.com/,63872,6278110,7.59,7.07,vide
337,sciencemag.org/,63797,3309449,7.36,8.76,vide
338,sogou.com/,63775,17413502,7.47,6.50,vide
339,ox.ac.uk/,63544,2649000,7.42,8.76,vide
340,walmart.com/,63500,2866240,7.32,7.50,vide
341,drupal.org/,63466,18945398,7.61,7.75,vide
342,google.co.in/,63421,3248420,7.55,7.34,vide
343,youku.com/,63072,11097264,7.40,7.18,vide
344,utexas.edu/,63051,3233616,7.30,7.74,vide
345,tripadvisor.co.uk/,62722,4356012,7.49,7.26,vide
346,exblog.jp/,62561,15533344,7.34,6.92,vide
347,oup.com/,62042,4898434,7.31,7.86,vide
348,mozilla.com/,61473,4435897,7.56,7.75,vide
349,prweb.com/,60835,1414778,7.32,7.53,vide
350,shinystat.com/,60781,15502610,7.44,6.81,vide
351,worldbank.org/,60758,18844651,7.52,8.77,vide
352,allaboutcookies.org/,60581,1454888,7.73,7.60,vide
353,tandfonline.com/,60342,4675987,7.55,7.80,vide
354,stackoverflow.com/,60092,2974734,7.64,7.59,vide
355,si.edu/,59982,3310346,7.34,8.76,vide
356,census.gov/,59960,2283668,7.41,7.97,vide
357,jugem.jp/,59941,18385169,7.34,6.79,vide
358,princeton.edu/,59228,27896666,7.31,8.76,vide
359,intel.com/,59080,3488484,7.51,8.75,vide
360,hubspot.com/,58780,39052599,7.76,7.70,vide
361,usgs.gov/,58706,9247518,7.34,7.92,vide
362,mysql.com/,58407,15502455,7.53,8.75,vide
363,networkadvertising.org/,57824,1322616,7.82,7.95,vide
364,politico.com/,57790,4792963,7.33,7.67,vide
365,archives.gov/,57715,1643964,7.37,7.95,vide
366,nazwa.pl/,57387,2947479,7.56,6.46,vide
367,office.com/,57110,10285600,8.23,7.90,vide
368,cisco.com/,56400,3059856,7.46,8.75,vide
369,cam.ac.uk/,56392,4460232,7.43,8.76,vide
370,example.com/,55931,2678944,7.51,7.48,vide
371,zendesk.com/,55871,35597026,8.02,7.93,vide
372,nyu.edu/,55704,1994442,7.42,7.65,vide
373,hollywoodreporter.com/,55492,3990471,7.35,7.34,vide
374,hhs.gov/,55090,4904495,7.55,8.81,vide
375,box.com/,55089,2855686,7.50,7.62,vide
376,accuweather.com/,55007,8918771,7.77,7.62,vide
377,campaign-archive1.com/,54972,2578848,7.31,7.62,vide
378,admin.ch/,54458,5151053,7.40,8.76,vide
379,netflix.com/,54348,7009836,7.34,7.33,vide
380,nhk.or.jp/,54303,3982834,7.35,7.12,vide
381,dedecms.com/,54275,5139019,7.50,6.32,vide
382,variety.com/,53971,9237973,7.30,7.38,vide
383,twitch.tv/,53910,12726867,7.40,7.14,vide
384,ebay.co.uk/,53896,2982894,7.32,7.02,vide
385,uchicago.edu/,53787,4161996,7.38,8.76,vide
386,shop-pro.jp/,53721,33870684,7.54,6.89,vide
387,bmj.com/,53676,1859206,7.32,7.60,vide
388,teamviewer.com/,53642,2203721,7.57,7.21,vide
389,bls.gov/,53429,1251023,7.40,7.82,vide
390,1688.com/,53118,26635492,7.35,6.31,vide
391,hibu.com/,53082,1077443,7.31,6.77,vide
392,eventbrite.co.uk/,52658,3762232,7.43,7.57,vide
393,usc.edu/,52604,7703940,7.32,7.61,vide
394,oxfordjournals.org/,51837,3424462,7.40,7.73,vide
395,colorlib.com/,51783,3962264,7.33,7.09,vide
396,prestashop.com/,51770,4667560,7.45,6.88,vide
397,usa.gov/,51743,11798968,7.63,8.85,vide
398,www.nhs.uk/,51725,7017647,7.31,7.51,vide
399,oecd.org/,51687,3541005,7.48,7.86,vide
400,va.gov/,51660,2614947,7.36,8.78,vide
401,istockphoto.com/,51640,4773379,7.30,7.14,vide
402,hostgator.com/,51543,2370902,7.49,6.91,vide
403,opensource.org/,51430,1709423,7.44,8.75,vide
404,cmu.edu/,51344,1295171,7.48,7.73,vide
405,mlb.com/,51175,13314087,7.42,7.57,vide
406,wsimg.com/,50907,635176,7.49,7.55,vide
407,dell.com/,50819,5048327,7.30,7.95,vide
408,redcross.org/,50717,1457044,7.43,7.87,vide
409,ieee.org/,50102,5244299,7.36,8.76,vide
410,dictionary.com/,49782,4177084,7.58,7.33,vide
411,icann.org/,49351,3942742,8.26,8.77,vide
412,adweek.com/,49014,3867135,7.61,7.45,vide
413,zenfolio.com/,48894,9230263,7.41,7.21,vide
414,google.ch/,48821,1784353,7.36,7.11,vide
415,livestream.com/,48396,3330777,7.35,7.61,vide
416,nginx.org/,48375,870881,7.83,7.70,vide
417,domainnameshop.com/,48257,266043,7.53,6.67,vide
418,dot.gov/,48041,4201859,7.35,8.78,vide
419,directdomains.com/,47712,56196,7.49,6.58,vide
420,xiti.com/,47647,13395583,7.52,6.84,vide
421,steampowered.com/,47508,36952516,7.31,7.15,vide
422,umd.edu/,47495,1507238,7.30,7.72,vide
423,fao.org/,47045,4339407,7.39,7.70,vide
424,aliyun.com/,47036,4681205,7.46,6.76,vide
425,att.com/,46639,2676101,7.37,7.65,vide
426,venturebeat.com/,46294,3016174,7.44,7.39,vide
427,domeneshop.no/,46109,88759,7.32,6.36,vide
428,symantec.com/,46105,9994098,7.60,7.62,vide
429,gesetze-im-internet.de/,46010,1704220,7.31,7.67,vide
430,bund.de/,45907,2655796,7.42,7.88,vide
431,duke.edu/,45626,1624616,7.32,7.67,vide
432,sun.com/,45389,4115072,7.43,7.65,vide
433,justgiving.com/,44763,2094004,7.41,7.35,vide
434,biomedcentral.com/,44633,4073644,7.49,7.76,vide
435,giphy.com/,44534,2002652,7.41,7.29,vide
436,netscape.com/,44383,2252637,7.34,7.50,vide
437,snapchat.com/,44152,22435919,7.63,7.62,vide
438,reference.com/,44040,2567940,7.59,7.41,vide
439,gpo.gov/,43994,3890026,7.43,8.11,vide
440,sec.gov/,43878,3071662,7.62,7.92,vide
441,pnas.org/,43760,1019525,7.33,7.62,vide
442,elsevier.com/,43696,4358366,7.35,8.76,vide
443,ietf.org/,43613,3551993,7.75,8.76,vide
444,japanpost.jp/,43485,1627333,7.62,7.11,vide
445,plos.org/,43403,1419198,7.58,7.88,vide
446,windowsphone.com/,43266,9167317,8.71,8.24,vide
447,squareup.com/,43151,1652532,7.30,7.37,vide
448,mhlw.go.jp/,42924,3849733,7.51,7.34,vide
449,ny.gov/,42633,1757537,7.30,8.77,vide
450,aboutads.info/,42464,5944734,7.71,7.67,vide
451,ewebdevelopment.com/,42442,171649,7.55,6.46,vide
452,iubenda.com/,42105,9649237,7.38,7.01,vide
453,oreilly.com/,41915,5227240,7.40,8.75,vide
454,gotowebinar.com/,41856,4531934,7.59,8.00,vide
455,libsyn.com/,41793,10775510,7.31,7.33,vide
456,thenextweb.com/,41121,1383259,7.39,7.34,vide
457,warnerbros.com/,41050,1685343,7.39,7.23,vide
458,deloitte.com/,40991,1867909,7.76,7.64,vide
459,blackberry.com/,40606,4434774,7.52,7.45,vide
460,googleapis.com/,39824,283136586,7.33,7.38,vide
461,dol.gov/,39810,3246756,7.44,8.79,vide
462,arxiv.org/,39784,5744209,7.47,8.75,vide
463,tmall.com/,39662,13957213,7.34,6.93,vide
464,web.de/,39644,527153,7.33,6.66,vide
465,ename.com.cn/,39503,50100,7.42,6.39,vide
466,justice.gov/,38772,1435188,7.50,8.80,vide
467,bigcommerce.com/,38386,9695106,7.49,7.35,vide
468,moz.com/,38342,909947,7.33,7.19,vide
469,dhs.gov/,38326,1286958,7.52,8.79,vide
470,python.org/,38195,2748213,7.51,8.76,vide
471,java.com/,37585,986286,7.45,7.64,vide
472,iso.org/,37171,1410322,7.45,7.70,vide
473,g.co/,37171,3199216,7.32,7.31,vide
474,fcc.gov/,36956,27386182,7.32,8.78,vide
475,playstation.com/,36766,5049649,7.31,7.11,vide
476,unicef.org/,36452,1880293,7.76,7.75,vide
477,nginx.com/,36370,1034548,7.74,7.60,vide
478,quantcast.com/,36260,17812559,7.31,7.24,vide
479,nist.gov/,36222,4539672,7.38,8.77,vide
480,siteorigin.com/,36107,1245890,7.32,7.25,vide
481,usps.com/,36076,910003,7.30,7.69,vide
482,msdn.com/,36012,2640577,8.19,7.77,vide
483,enom.com/,35230,73286,7.76,7.61,vide
484,bitbucket.org/,35130,4973048,7.32,7.47,vide
485,moodle.org/,34865,3251957,7.40,7.45,vide
486,opencart.com/,34829,2493753,7.49,6.90,vide
487,starwoodhotels.com/,34478,37511626,7.46,7.62,vide
488,gartner.com/,34160,622273,7.36,7.55,vide
489,mlit.go.jp/,33923,2063085,7.40,7.18,vide
490,sedoparking.com/,33866,172235,7.34,6.69,vide
491,unsplash.com/,33797,636773,7.30,7.24,vide
492,azurewebsites.net/,33156,3137311,7.31,7.34,vide
493,acm.org/,32954,2895117,7.41,8.75,vide
494,typeform.com/,32615,4231739,7.80,7.60,vide
495,mynavi.jp/,32200,2756902,7.56,7.14,vide
496,etracker.de/,32059,5640381,7.37,6.82,vide
497,detik.com/,32039,692230,7.32,6.32,vide
498,xbox.com/,31721,4583258,8.17,7.67,vide
499,techtarget.com/,31720,15655625,7.37,7.48,vide
500,dmca.com/,31248,8604329,7.39,7.15,vide
